{
    "camera_matrix": [
        [
            1538.7939968143703,
            0.0,
            829.2140966459408
        ],
        [
            0.0,
            1537.2558443313133,
            577.1496540648694
        ],
        [
            0.0,
            0.0,
            1.0
        ]
    ],
    "distortion_coefficients": [
        [
            -0.3965206668901596,
            0.1469937626365962,
            -0.0007861794226302347,
            0.0022527358131867437,
            -0.02308737414959782
        ]
    ],
    "reprojection_error": 0.7978426731986624
}