{
    "camera_matrix": [
        [
            1538.7940488582146,
            0.0,
            829.2140680508373
        ],
        [
            0.0,
            1537.2558606895966,
            577.1495364598217
        ],
        [
            0.0,
            0.0,
            1.0
        ]
    ],
    "distortion_coefficients": [
        [
            -0.39652073181993847,
            0.14699387203731235,
            -0.0007861505643169135,
            0.0022527463002156357,
            -0.023087427297188236
        ]
    ],
    "reprojection_error": 0.7978424066658582
}